{"avg_both": 0.9301074626865673, "avg_left": 0.9520679104477611, "avg_right": 0.9339888059701493, "concat_both": 0.953373134328358, "concat_left": 0.9586402985074622, "concat_right": 0.9502925373134324}