{"avg_both": 0.896506690140845, "avg_left": 0.8847654929577472, "avg_right": 0.8889876760563374, "concat_both": 0.8935933098591545, "concat_left": 0.8815003521126755, "concat_right": 0.8850253521126753}