{"0.0": [0.6540178571428571, 0.6540178571428571], "0.05": [0.6813186813186813, 0.5535714285714286], "0.1": [0.6843575418994413, 0.546875], "0.15": [0.6853932584269663, 0.5446428571428571], "0.2": [0.6912181303116147, 0.5446428571428571], "0.25": [0.6914285714285714, 0.5401785714285714], "0.3": [0.6907514450867052, 0.5334821428571429], "0.35": [0.6947674418604651, 0.5334821428571429], "0.4": [0.6988304093567251, 0.5334821428571429], "0.45": [0.7, 0.53125], "0.5": [0.7032640949554896, 0.5290178571428571], "0.55": [0.7090909090909091, 0.5223214285714286], "0.6": [0.709480122324159, 0.5178571428571429], "0.65": [0.7178683385579937, 0.5111607142857143], "0.7": [0.717948717948718, 0.5], "0.75": [0.7269736842105263, 0.49330357142857145], "0.8": [0.7275747508305648, 0.4888392857142857], "0.85": [0.738831615120275, 0.4799107142857143], "0.9": [0.7392857142857143, 0.46205357142857145], "0.95": [0.753731343283582, 0.45089285714285715], "1.0": [0.8421052631578947, 0.07142857142857142]}